{"All Countries": [], "Abyei": [27.8038,9.3188,29.0288,10.2012], "Afghanistan": [60.517, 29.3772, 74.889862, 38.490877], "Aksai Chin": [77.8368,33.337,80.6548,36.0331], "Albania": [19.263904, 39.64473, 21.057239, 42.661082], "Algeria": [-8.666667, 18.968147, 12.0, 37.089821], "Andorra": [1.408705, 42.428749, 1.786639, 42.655791], "Angola": [11.669562, -18.039104, 24.084444, -4.387944], "Antigua & Barbuda": [-61.906251, 16.997626, -61.673155, 17.17376], "Argentina": [-73.56036, -55.057715, -53.637481, -21.780814], "Armenia": [43.447212, 38.840244, 46.634222, 41.300993], "Australia": [112.921454, -54.777219, 159.255528, -9.221084], "Austria": [9.530783, 46.372336, 17.160686, 49.020608], "Azerbaijan": [44.764683, 38.39199, 50.467866, 41.91234], "Bahamas, The": [-80.474947, 20.912131, -72.712069, 27.263362], "Bangladesh": [88.008589, 20.75438, 92.680115, 26.634243], "Barbados": [-59.65103, 13.045, -59.420098, 13.335126], "Belarus": [23.178338, 51.262011, 32.77682, 56.171872], "Belgium": [2.544795, 49.497013, 6.408124, 51.505145], "Belize": [-89.227588, 15.885619, -87.491727, 18.495942], "Benin": [0.776667, 6.234832, 3.843343, 12.408611], "Bhutan": [88.746473, 26.702016, 92.125232, 28.360825], "Bolivia": [-69.64499, -22.89809, -57.453803, -9.669323], "Bosnia & Herzegovina": [50.378151, 25.556458, 50.824846, 26.330394], "Botswana": [19.998905, -26.907545, 29.375304, -17.778137], "Brazil": [-73.982817, -33.751748, -29.345024, 5.271602], "Brunei": [114.076063, 4.002508, 115.363562, 5.082646], "Bulgaria": [22.357345, 41.235447, 28.609263, 44.215233], "Burkina Faso": [-5.521111, 9.393889, 2.404293, 15.085111], "Burma": [92.3032344909, 9.93295990645, 101.180005324, 28.335945136], "Burundi": [29.000993, -4.469228, 30.850173, -2.309987], "CH-IN": [78.3848,30.5033,80.3129,32.3221], "Cambodia": [102.333542, 9.276808, 107.627687, 14.690179], "Cameroon": [8.494763, 1.6559, 16.194408, 13.083335], "Canada": [-141.00187, 41.676556, -52.619409, 83.115061], "Central African Rep": [14.4594071794, 2.2676396753, 27.3742261085, 11.1423951278], "Chad": [13.47, 7.442975, 24.000001, 23.449235], "Chile": [-109.454881, -55.979781, -66.418202, -17.498329], "China": [73.499414, 18.153522, 134.77281, 53.560974], "Colombia": [-81.73593, -4.22711, -66.851923, 13.39735], "Congo, Dem Rep of the": [12.1823368669, -13.2572266578, 31.1741492042, 5.25608775474], "Congo, Rep of the": [11.0937728207, -5.03798674888, 18.4530652198, 3.72819651938], "Costa Rica": [-87.094513, 5.499153, -82.552657, 11.219681], "Cote d'Ivoire": [-8.7159,4.0579,-2.2481,10.8728], "Croatia": [13.489691, 42.392265, 19.448052, 46.555223], "Cuba": [-85.071247, 19.825899, -74.132223, 23.276752], "Cyprus": [32.268708, 34.632303, 34.6045, 35.7072], "Czechia": [12.090589, 48.551808, 18.859236, 51.055719], "Demchok": [79.131818,32.493489,79.579511,33.258155], "Denmark": [8.072241, 54.464597, 15.197281, 57.751813], "Djibouti": [41.759722, 10.931944, 43.416973, 12.713396], "Dominica": [-61.47983, 15.207682, -61.240303, 15.640064], "Dominican Republic": [-71.9451120673, 17.598564358, -68.3179432848, 19.8849105901], "Ecuador": [-92.013048, -5.014351, -75.188794, 1.687211], "Egypt": [24.696775, 22.0, 36.894545, 31.671535], "El Salvador": [-90.12681, 13.155431, -87.683752, 14.450557], "Equatorial Guinea": [9.277,0.856,11.4386,2.3906], "Eritrea": [36.433348, 12.354723, 43.142977, 18.02121], "Estonia": [21.764313, 57.509316, 28.210139, 59.685685], "Ethiopia": [32.997734, 3.404136, 48.0, 14.894215], "Falkland Islands (UK)": [-61.2, -52.3, -57.75, -51.1], "Finland": [20.547411, 59.70544, 31.5871, 70.092293], "France": [-5.141228, 41.342328, 9.560068, 51.089166], "Gabon": [8.699053, -3.958372, 14.520556, 2.318109], "Gambia, The": [-16.813631, 13.065183, -13.798611, 13.826389], "Gaza Strip": [34.195183,31.203461,34.578331,31.609004], "Georgia": [-85.605165, 30.355591, -80.840787, 35.000659], "Germany": [5.866342, 47.270112, 15.041896, 55.058347], "Ghana": [-3.260786, 4.738874, 1.199363, 11.166668], "Greece": [19.372423, 34.801021, 29.645148, 41.748878], "Guatemala": [-92.231836, 13.740021, -88.225615, 17.815697], "Guinea": [-15.078206, 7.190909, -7.637853, 12.674617], "Guinea-Bissau": [-16.711736, 10.85997, -13.627504, 12.684723], "Guyana": [-61.414905, 1.164724, -56.49112, 8.546628], "Haiti": [-74.48091, 18.022078, -71.621754, 20.089614], "Honduras": [-89.355148, 12.984225, -83.127534, 17.417104], "Hungary": [16.113387, 45.737089, 22.898122, 48.585234], "India": [68.162386, 6.753516, 97.395555, 35.504475], "Indonesia": [95.009707, -11.007436, 141.019562, 6.076912], "Iran": [44.031891, 25.059429, 63.333337, 39.781676], "Iraq": [38.793603, 29.061208, 48.575916, 37.380932], "Ireland": [-10.66958, 51.421938, -5.9947, 55.38849], "Israel": [34.267387, 29.4797, 35.896244, 33.332805], "Italy": [6.62672, 35.49292, 18.520502, 47.092], "Jamaica": [-78.368846, 17.705724, -76.183159, 18.52531], "Japan": [122.93383, 24.046045, 153.98743, 45.522772], "Jordan": [34.958337, 29.185036, 39.301154, 33.374688], "Kalapani": [80.902477,30.173515,81.047875,30.248281], "Kazakhstan": [46.493672, 40.568584, 87.315415, 55.441984], "Kenya": [33.909821, -4.679682, 41.906832, 5.033421], "Korea, North": [124.173553, 37.673332, 130.6885, 43.01159], "Korea, South": [124.608139, 33.10611, 130.923218, 38.616931], "Kosovo": [20.014284, 41.857641, 21.789867, 43.268899], "Kuwait": [46.55304, 28.524446, 48.430458, 30.103699], "Kyrgyzstan": [69.250998, 39.180254, 80.226559, 43.265357], "Laos": [100.083214, 13.90972, 107.69483, 22.502872], "Latvia": [20.962343, 55.674777, 28.241403, 58.085569], "Lebanon": [35.103778, 33.055026, 36.62372, 34.69209], "Lesotho": [27.011231, -30.675579, 29.455709, -28.570801], "Liberia": [-11.474248, 4.315414, -7.369255, 8.551986], "Libya": [9.391466, 19.50043, 25.146954, 33.166787], "Liechtenstein": [9.47162, 47.04829, 9.63565, 47.270547], "Lithuania": [20.954368, 53.896879, 26.835591, 56.450321], "Luxembourg": [5.73567, 49.447779, 6.53097, 50.18282], "Macedonia": [20.46315, 40.8427269557, 22.9523771502, 42.3202595078], "Madagascar": [43.185139, -25.606572, 50.48378, -11.951964], "Malawi": [32.678889, -17.135278, 35.924166, -9.367154], "Malaysia": [99.640573, 0.853821, 119.269362, 7.363468], "Mali": [-12.238885, 10.147811, 4.266667, 25.000012], "Mauritania": [-17.070134, 14.721273, -4.833334, 27.294445], "Mexico": [-118.36443, 14.534549, -86.710571, 32.718763], "Moldova": [26.616856, 45.466904, 30.162538, 48.491944], "Mongolia": [87.73762, 41.58152, 119.931949, 52.148697], "Montenegro": [18.433792, 41.849731, 20.357765, 43.558743], "Morocco": [-13.172891, 27.666667, -0.996976, 35.922507], "Mozambique": [30.21555, -26.868109, 40.839121, -10.471202], "Namibia": [11.724247, -28.970639, 25.261752, -16.963486], "Nepal": [80.052222, 26.347779, 88.199298, 30.446945], "Netherlands": [3.357962, 50.750384, 7.22751, 53.556021], "New Zealand": [165.869437, -52.619418, -175.831536, -29.231342], "Nicaragua": [-87.691069, 10.708055, -82.592071, 15.030276], "Niger": [0.166667, 11.693756, 15.999034, 23.5], "Nigeria": [2.676932, 4.269857, 14.677981, 13.885645], "No Man's Land": [], "Norway": [4.500096, 57.959744, 31.168268, 71.185476], "Oman": [52.000002, 16.650336, 59.839397, 26.405395], "Pakistan": [60.872972, 23.694695, 77.833469, 37.084107], "Panama": [-83.052241, 7.203556, -77.158488, 9.647779], "Papua New Guinea": [140.84197, -11.657861, 159.492959, -0.871319], "Paraguay": [-62.638051, -27.588334, -54.258562, -19.287707], "Peru": [-81.328504, -18.35158, -68.652329, -0.038777], "Philippines": [116.931557, 4.613444, 126.604384, 19.574024], "Poland": [14.122864, 49.002025, 24.145893, 54.835812], "Portugal": [-31.27533, 32.40374, -6.190209, 42.154205], "Qatar": [50.750055, 24.471118, 51.64326, 26.183093], "Romania": [20.261759, 43.618619, 29.757101, 48.265274], "Russia": [19.640535, 41.185353, -169.046727, 81.858122], "Rwanda": [28.861755, -2.83984, 30.899401, -1.047572], "Sao Tome & Principe": [6.451161,-0.020098,6.767705,0.419352],